{"cameraMode":{"drawMode":0,"name":"Shaded","section":"Shading Mode"},"sceneLighting":true,"audioPlay":false,"sceneViewState":{"showFog":true,"showMaterialUpdate":false,"showSkybox":true,"showFlares":true,"showImageEffects":true,"showParticleSystems":true},"in2DMode":false,"pivot":{"x":-4.76837158203125e-7,"y":4.455931663513184,"z":-0.1998004913330078},"rotation":{"x":-0.0901402086019516,"y":-0.03226640075445175,"z":0.0029173751827329399,"w":-0.9954072833061218},"size":21.6252498626709,"orthographic":false}